danceability,energy,key,loudness,mode,speechiness,acousticness,instrumentalness,liveness,valence,tempo,type,id,uri,track_href,analysis_url,duration_ms,time_signature
0.0601,0.0225,6,-30.561,1,0.0504,0.982,0.92,0.103,0.0369,52.622,audio_features,4B4jWWkkgJ13lSbph0T3GQ,spotify:track:4B4jWWkkgJ13lSbph0T3GQ,https://api.spotify.com/v1/tracks/4B4jWWkkgJ13lSbph0T3GQ,https://api.spotify.com/v1/audio-analysis/4B4jWWkkgJ13lSbph0T3GQ,835000,5
0.171,0.278,6,-15.188,1,0.0483,0.639,0.93,0.0948,0.0348,119.756,audio_features,32sj28mo2pbqzDjW4ZvsuH,spotify:track:32sj28mo2pbqzDjW4ZvsuH,https://api.spotify.com/v1/tracks/32sj28mo2pbqzDjW4ZvsuH,https://api.spotify.com/v1/audio-analysis/32sj28mo2pbqzDjW4ZvsuH,645373,5
0.272,0.305,8,-27.328,0,0.0712,0.991,0.826,0.0851,0.0823,131.103,audio_features,2jlUqwqE1bXbo0Lfd0D8jq,spotify:track:2jlUqwqE1bXbo0Lfd0D8jq,https://api.spotify.com/v1/tracks/2jlUqwqE1bXbo0Lfd0D8jq,https://api.spotify.com/v1/audio-analysis/2jlUqwqE1bXbo0Lfd0D8jq,2677133,1
0.105,0.000206,11,-26.59,0,0.0871,0.801,0.943,0.112,0.288,85.422,audio_features,62SMTFdXWQ4g8UMcgk0WLz,spotify:track:62SMTFdXWQ4g8UMcgk0WLz,https://api.spotify.com/v1/tracks/62SMTFdXWQ4g8UMcgk0WLz,https://api.spotify.com/v1/audio-analysis/62SMTFdXWQ4g8UMcgk0WLz,653904,5
0.338,0.314,4,-14.143,1,0.0336,0.579,0.817,0.109,0.0473,159.216,audio_features,2FlB3fJcGaohJORO93cNWv,spotify:track:2FlB3fJcGaohJORO93cNWv,https://api.spotify.com/v1/tracks/2FlB3fJcGaohJORO93cNWv,https://api.spotify.com/v1/audio-analysis/2FlB3fJcGaohJORO93cNWv,570000,5
0.163,0.0259,4,-29.215,0,0.0384,0.968,0.89,0.0827,0.0296,68.172,audio_features,6fWQiphelkd7NF3CoPegB1,spotify:track:6fWQiphelkd7NF3CoPegB1,https://api.spotify.com/v1/tracks/6fWQiphelkd7NF3CoPegB1,https://api.spotify.com/v1/audio-analysis/6fWQiphelkd7NF3CoPegB1,1713307,4
0.452,0.173,7,-24.666,1,0.0354,0.963,0.894,0.0709,0.0722,157.801,audio_features,7Gb3UUUaX0A46FJUgXxily,spotify:track:7Gb3UUUaX0A46FJUgXxily,https://api.spotify.com/v1/tracks/7Gb3UUUaX0A46FJUgXxily,https://api.spotify.com/v1/audio-analysis/7Gb3UUUaX0A46FJUgXxily,1622576,3
0.146,0.0615,2,-23.666,1,0.0351,0.994,0.888,0.08,0.0375,138.922,audio_features,3Z9PWaE8d55XcOxEHwx6U8,spotify:track:3Z9PWaE8d55XcOxEHwx6U8,https://api.spotify.com/v1/tracks/3Z9PWaE8d55XcOxEHwx6U8,https://api.spotify.com/v1/audio-analysis/3Z9PWaE8d55XcOxEHwx6U8,1127173,3
0.398,0.0501,10,-17.46,0,0.0357,0.922,0.918,0.106,0.151,140.003,audio_features,6XOG65nZN3XKmxevGRHZMC,spotify:track:6XOG65nZN3XKmxevGRHZMC,https://api.spotify.com/v1/tracks/6XOG65nZN3XKmxevGRHZMC,https://api.spotify.com/v1/audio-analysis/6XOG65nZN3XKmxevGRHZMC,1606164,5
0.18,0.222,4,-23.742,0,0.0428,0.99,0.926,0.134,0.0338,82.688,audio_features,3CTqW27qR4vdZXxykgfiWW,spotify:track:3CTqW27qR4vdZXxykgfiWW,https://api.spotify.com/v1/tracks/3CTqW27qR4vdZXxykgfiWW,https://api.spotify.com/v1/audio-analysis/3CTqW27qR4vdZXxykgfiWW,546587,4
0.233,0.235,9,-20.332,1,0.0457,0.911,0.918,0.101,0.0389,132.61,audio_features,6a9zPEoKGFMjRQeQIJ8h83,spotify:track:6a9zPEoKGFMjRQeQIJ8h83,https://api.spotify.com/v1/tracks/6a9zPEoKGFMjRQeQIJ8h83,https://api.spotify.com/v1/audio-analysis/6a9zPEoKGFMjRQeQIJ8h83,751653,4
0.16,0.325,0,-19.263,1,0.0407,0.967,0.907,0.113,0.0835,74.753,audio_features,3zjN54QAmvcJMCiI9xeLEk,spotify:track:3zjN54QAmvcJMCiI9xeLEk,https://api.spotify.com/v1/tracks/3zjN54QAmvcJMCiI9xeLEk,https://api.spotify.com/v1/audio-analysis/3zjN54QAmvcJMCiI9xeLEk,2047150,4
0.0869,0.125,7,-28.086,0,0.039,0.765,0.838,0.121,0.0386,85.411,audio_features,0CkEs6b5zvKwNT0WHguMg3,spotify:track:0CkEs6b5zvKwNT0WHguMg3,https://api.spotify.com/v1/tracks/0CkEs6b5zvKwNT0WHguMg3,https://api.spotify.com/v1/audio-analysis/0CkEs6b5zvKwNT0WHguMg3,1720107,4
0.106,0.236,2,-21.249,1,0.0445,0.882,0.921,0.109,0.0356,72.356,audio_features,74FsBoeYeAcdNHzkAIDt47,spotify:track:74FsBoeYeAcdNHzkAIDt47,https://api.spotify.com/v1/tracks/74FsBoeYeAcdNHzkAIDt47,https://api.spotify.com/v1/audio-analysis/74FsBoeYeAcdNHzkAIDt47,1404906,3
0.37,0.44,7,-10.392,1,0.0293,0.333,0.897,0.0598,0.0614,153.019,audio_features,4kIEH2w2Hg3kU90V0P2yt6,spotify:track:4kIEH2w2Hg3kU90V0P2yt6,https://api.spotify.com/v1/tracks/4kIEH2w2Hg3kU90V0P2yt6,https://api.spotify.com/v1/audio-analysis/4kIEH2w2Hg3kU90V0P2yt6,1050920,3
0.0646,0.0531,5,-31.396,1,0.0397,0.875,0.86,0.0881,0.0389,61.054,audio_features,5aGcszkgFp1DOnxziXZrUw,spotify:track:5aGcszkgFp1DOnxziXZrUw,https://api.spotify.com/v1/tracks/5aGcszkgFp1DOnxziXZrUw,https://api.spotify.com/v1/audio-analysis/5aGcszkgFp1DOnxziXZrUw,1253875,4
0.192,0.34,2,-20.525,1,0.132,0.41,0.292,0.33,0.036,85.66,audio_features,3lbOi2wmfAB0LcgLICNOSP,spotify:track:3lbOi2wmfAB0LcgLICNOSP,https://api.spotify.com/v1/tracks/3lbOi2wmfAB0LcgLICNOSP,https://api.spotify.com/v1/audio-analysis/3lbOi2wmfAB0LcgLICNOSP,2757928,4
0.0675,0.0698,11,-26.87,0,0.0488,0.824,0.909,0.0978,0.0278,73.144,audio_features,6WQO8K2BvCj8kECqIO4bsa,spotify:track:6WQO8K2BvCj8kECqIO4bsa,https://api.spotify.com/v1/tracks/6WQO8K2BvCj8kECqIO4bsa,https://api.spotify.com/v1/audio-analysis/6WQO8K2BvCj8kECqIO4bsa,1080627,4
0.0613,0.00674,7,-36.924,1,0.0454,0.955,0.937,0.265,0.0229,66.399,audio_features,6SrDGaMF5zeQVoujQq4Pap,spotify:track:6SrDGaMF5zeQVoujQq4Pap,https://api.spotify.com/v1/tracks/6SrDGaMF5zeQVoujQq4Pap,https://api.spotify.com/v1/audio-analysis/6SrDGaMF5zeQVoujQq4Pap,3682333,4
0.189,0.181,5,-29.095,0,0.0471,0.947,0.882,0.107,0.0944,73.32,audio_features,7zFv2VmCMIQR2S9bTJ5KEY,spotify:track:7zFv2VmCMIQR2S9bTJ5KEY,https://api.spotify.com/v1/tracks/7zFv2VmCMIQR2S9bTJ5KEY,https://api.spotify.com/v1/audio-analysis/7zFv2VmCMIQR2S9bTJ5KEY,874000,3
0.372,0.118,0,-18.427,1,0.0737,0.984,0.858,0.0719,0.315,176.667,audio_features,50WIWrt5sHs27j97IdhWoh,spotify:track:50WIWrt5sHs27j97IdhWoh,https://api.spotify.com/v1/tracks/50WIWrt5sHs27j97IdhWoh,https://api.spotify.com/v1/audio-analysis/50WIWrt5sHs27j97IdhWoh,1100899,4
0.0992,0.142,10,-26.638,0,0.0413,0.746,0.926,0.371,0.0371,68.868,audio_features,5BEcsUdHuN9aQBqA46iPqP,spotify:track:5BEcsUdHuN9aQBqA46iPqP,https://api.spotify.com/v1/tracks/5BEcsUdHuN9aQBqA46iPqP,https://api.spotify.com/v1/audio-analysis/5BEcsUdHuN9aQBqA46iPqP,1194216,4
0.151,0.00338,0,-35.422,1,0.0434,0.956,0.767,0.12,0.0239,135.349,audio_features,5PJJHXzJuihJJAEry4UUTY,spotify:track:5PJJHXzJuihJJAEry4UUTY,https://api.spotify.com/v1/tracks/5PJJHXzJuihJJAEry4UUTY,https://api.spotify.com/v1/audio-analysis/5PJJHXzJuihJJAEry4UUTY,2139038,3
0.118,0.0533,5,-29.235,1,0.0533,0.909,0.923,0.0782,0.028,67.378,audio_features,5aGKn4HWgO7dYkzd2Xkm5k,spotify:track:5aGKn4HWgO7dYkzd2Xkm5k,https://api.spotify.com/v1/tracks/5aGKn4HWgO7dYkzd2Xkm5k,https://api.spotify.com/v1/audio-analysis/5aGKn4HWgO7dYkzd2Xkm5k,3997680,4
0.138,0.276,2,-23.297,1,0.0498,0.788,0.911,0.113,0.0978,141.42,audio_features,6tM062ZRohsNbLa3OaHcPY,spotify:track:6tM062ZRohsNbLa3OaHcPY,https://api.spotify.com/v1/tracks/6tM062ZRohsNbLa3OaHcPY,https://api.spotify.com/v1/audio-analysis/6tM062ZRohsNbLa3OaHcPY,932000,1
0.263,0.484,6,-10.419,1,0.0534,0.0799,0.815,0.285,0.0371,154.789,audio_features,0I5D3yRawWRHrAJsFdFNrj,spotify:track:0I5D3yRawWRHrAJsFdFNrj,https://api.spotify.com/v1/tracks/0I5D3yRawWRHrAJsFdFNrj,https://api.spotify.com/v1/audio-analysis/0I5D3yRawWRHrAJsFdFNrj,1010853,4
0.187,0.297,2,-24.522,1,0.0727,0.0668,0.895,0.102,0.0383,119.241,audio_features,3nzRf3Ajv04oi8PbnSDSP0,spotify:track:3nzRf3Ajv04oi8PbnSDSP0,https://api.spotify.com/v1/tracks/3nzRf3Ajv04oi8PbnSDSP0,https://api.spotify.com/v1/audio-analysis/3nzRf3Ajv04oi8PbnSDSP0,1143667,1
0.163,0.0888,2,-24.673,0,0.0399,0.976,0.911,0.117,0.0381,131.834,audio_features,3izYqkzqnPu8SctUNeyne2,spotify:track:3izYqkzqnPu8SctUNeyne2,https://api.spotify.com/v1/tracks/3izYqkzqnPu8SctUNeyne2,https://api.spotify.com/v1/audio-analysis/3izYqkzqnPu8SctUNeyne2,674160,4
0.178,0.00268,1,-33.57,1,0.0491,0.972,0.958,0.132,0.0972,68.896,audio_features,73Gfj8OMN6GJCXiqvSiIH5,spotify:track:73Gfj8OMN6GJCXiqvSiIH5,https://api.spotify.com/v1/tracks/73Gfj8OMN6GJCXiqvSiIH5,https://api.spotify.com/v1/audio-analysis/73Gfj8OMN6GJCXiqvSiIH5,1397760,4
0.108,0.151,10,-20.25,0,0.0446,0.722,0.859,0.155,0.035,56.926,audio_features,4q4PVP9tH4WgGlmYuNZqsf,spotify:track:4q4PVP9tH4WgGlmYuNZqsf,https://api.spotify.com/v1/tracks/4q4PVP9tH4WgGlmYuNZqsf,https://api.spotify.com/v1/audio-analysis/4q4PVP9tH4WgGlmYuNZqsf,1578000,4
0.0818,0.0509,5,-28.401,1,0.0431,0.97,0.98,0.102,0.0379,73.305,audio_features,1JBplCoTzT00SZwz2NBy64,spotify:track:1JBplCoTzT00SZwz2NBy64,https://api.spotify.com/v1/tracks/1JBplCoTzT00SZwz2NBy64,https://api.spotify.com/v1/audio-analysis/1JBplCoTzT00SZwz2NBy64,789050,4
0.2,0.617,10,-15.23,0,0.0744,0.0409,0.372,0.0988,0.0353,104.65,audio_features,77rz0oP8SyYU6blsUaSITK,spotify:track:77rz0oP8SyYU6blsUaSITK,https://api.spotify.com/v1/tracks/77rz0oP8SyYU6blsUaSITK,https://api.spotify.com/v1/audio-analysis/77rz0oP8SyYU6blsUaSITK,1232413,4
0.287,0.146,11,-23.004,0,0.045,0.828,0.911,0.104,0.045,144.079,audio_features,1O478jqBXnHd1r1LOhIN3I,spotify:track:1O478jqBXnHd1r1LOhIN3I,https://api.spotify.com/v1/tracks/1O478jqBXnHd1r1LOhIN3I,https://api.spotify.com/v1/audio-analysis/1O478jqBXnHd1r1LOhIN3I,642375,4
0.181,0.0768,7,-25.335,1,0.0438,0.92,0.692,0.0888,0.0335,65.867,audio_features,0KsdmOwjkR71KvWGE0EEXK,spotify:track:0KsdmOwjkR71KvWGE0EEXK,https://api.spotify.com/v1/tracks/0KsdmOwjkR71KvWGE0EEXK,https://api.spotify.com/v1/audio-analysis/0KsdmOwjkR71KvWGE0EEXK,1168219,4
0.207,0.00664,8,-19.155,1,0.0579,0.934,0.909,0.112,0.0254,137.267,audio_features,5o044iIcJk99DBQYPvUlKl,spotify:track:5o044iIcJk99DBQYPvUlKl,https://api.spotify.com/v1/tracks/5o044iIcJk99DBQYPvUlKl,https://api.spotify.com/v1/audio-analysis/5o044iIcJk99DBQYPvUlKl,3330000,4
0.155,0.055,2,-26.213,0,0.0391,0.979,0.82,0.0944,0.0351,82.803,audio_features,6y2AmOAQf2LERRrKrZlLI6,spotify:track:6y2AmOAQf2LERRrKrZlLI6,https://api.spotify.com/v1/tracks/6y2AmOAQf2LERRrKrZlLI6,https://api.spotify.com/v1/audio-analysis/6y2AmOAQf2LERRrKrZlLI6,2308000,4
0.372,0.402,7,-13.28,1,0.0447,0.866,0.91,0.7,0.245,82.266,audio_features,5GIGWcHy4Z9MZcXfPwRd7z,spotify:track:5GIGWcHy4Z9MZcXfPwRd7z,https://api.spotify.com/v1/tracks/5GIGWcHy4Z9MZcXfPwRd7z,https://api.spotify.com/v1/audio-analysis/5GIGWcHy4Z9MZcXfPwRd7z,1314912,4
0.263,0.000308,0,-27.857,1,0.0883,0.994,0.686,0.0912,0.019,135.02,audio_features,4C4dXo8dv8AXIWm8a89VF0,spotify:track:4C4dXo8dv8AXIWm8a89VF0,https://api.spotify.com/v1/tracks/4C4dXo8dv8AXIWm8a89VF0,https://api.spotify.com/v1/audio-analysis/4C4dXo8dv8AXIWm8a89VF0,1233862,4
0.0993,0.0599,0,-25.481,0,0.0438,0.812,0.906,0.0972,0.0558,75.267,audio_features,1nEU4BcSMLCIhRK5n3biYz,spotify:track:1nEU4BcSMLCIhRK5n3biYz,https://api.spotify.com/v1/tracks/1nEU4BcSMLCIhRK5n3biYz,https://api.spotify.com/v1/audio-analysis/1nEU4BcSMLCIhRK5n3biYz,958947,3
0.243,0.437,2,-8.724,0,0.0379,0.635,0.974,0.166,0.0332,100.766,audio_features,3hJgoqoik98ctXroEVMPvA,spotify:track:3hJgoqoik98ctXroEVMPvA,https://api.spotify.com/v1/tracks/3hJgoqoik98ctXroEVMPvA,https://api.spotify.com/v1/audio-analysis/3hJgoqoik98ctXroEVMPvA,1384000,4
0.23,0.216,2,-24.522,1,0.0937,0.951,0.915,0.648,0.169,170.769,audio_features,0t7H4g6R10lDoGMvM9Vt5n,spotify:track:0t7H4g6R10lDoGMvM9Vt5n,https://api.spotify.com/v1/tracks/0t7H4g6R10lDoGMvM9Vt5n,https://api.spotify.com/v1/audio-analysis/0t7H4g6R10lDoGMvM9Vt5n,1200519,4
0.192,0.291,0,-14.415,0,0.034,0.0865,0.849,0.362,0.0784,117.324,audio_features,3vX7MHtYnisIKaHUT4PPJi,spotify:track:3vX7MHtYnisIKaHUT4PPJi,https://api.spotify.com/v1/tracks/3vX7MHtYnisIKaHUT4PPJi,https://api.spotify.com/v1/audio-analysis/3vX7MHtYnisIKaHUT4PPJi,1246267,4
0.0892,0.0162,5,-31.304,0,0.0449,0.962,0.962,0.0887,0.0266,56.015,audio_features,2oWwrX6JGdRC4cUnJlYiWF,spotify:track:2oWwrX6JGdRC4cUnJlYiWF,https://api.spotify.com/v1/tracks/2oWwrX6JGdRC4cUnJlYiWF,https://api.spotify.com/v1/audio-analysis/2oWwrX6JGdRC4cUnJlYiWF,859600,4
0.467,0.29,5,-17.238,0,0.0264,0.137,0.502,0.195,0.0838,106.515,audio_features,0BQcj5GUvonO9byni0bEuu,spotify:track:0BQcj5GUvonO9byni0bEuu,https://api.spotify.com/v1/tracks/0BQcj5GUvonO9byni0bEuu,https://api.spotify.com/v1/audio-analysis/0BQcj5GUvonO9byni0bEuu,800040,4
0.0914,0.151,2,-19.404,1,0.0461,0.946,0.868,0.0976,0.028,85.588,audio_features,6TMKeISSvlKSMRnPaq0ziP,spotify:track:6TMKeISSvlKSMRnPaq0ziP,https://api.spotify.com/v1/tracks/6TMKeISSvlKSMRnPaq0ziP,https://api.spotify.com/v1/audio-analysis/6TMKeISSvlKSMRnPaq0ziP,1197227,4
0.209,0.0815,5,-31.702,1,0.0408,0.973,0.938,0.105,0.0672,95.205,audio_features,10SeyQmuBIVJmbZYYJs07W,spotify:track:10SeyQmuBIVJmbZYYJs07W,https://api.spotify.com/v1/tracks/10SeyQmuBIVJmbZYYJs07W,https://api.spotify.com/v1/audio-analysis/10SeyQmuBIVJmbZYYJs07W,3815787,5
0.465,0.473,10,-16.467,0,0.029,0.884,0.954,0.0928,0.0734,109.972,audio_features,0EclmjRuVEVytDKJyz6n6J,spotify:track:0EclmjRuVEVytDKJyz6n6J,https://api.spotify.com/v1/tracks/0EclmjRuVEVytDKJyz6n6J,https://api.spotify.com/v1/audio-analysis/0EclmjRuVEVytDKJyz6n6J,781213,4
0.21,0.195,4,-25.202,0,0.0648,0.963,0.909,0.0651,0.0473,132.134,audio_features,74RL6Uqee1KoMBGQULmdeE,spotify:track:74RL6Uqee1KoMBGQULmdeE,https://api.spotify.com/v1/tracks/74RL6Uqee1KoMBGQULmdeE,https://api.spotify.com/v1/audio-analysis/74RL6Uqee1KoMBGQULmdeE,910000,4
0.204,0.354,3,-18.811,1,0.0458,0.945,0.876,0.116,0.0373,85.497,audio_features,3GgSZWI0IFZeOGLTMPPYEp,spotify:track:3GgSZWI0IFZeOGLTMPPYEp,https://api.spotify.com/v1/tracks/3GgSZWI0IFZeOGLTMPPYEp,https://api.spotify.com/v1/audio-analysis/3GgSZWI0IFZeOGLTMPPYEp,805173,3
0.088,0.293,1,-16.875,0,0.047,0.916,0.943,0.109,0.031,67.582,audio_features,0CqZmWXmRdocvpvFUeYpv7,spotify:track:0CqZmWXmRdocvpvFUeYpv7,https://api.spotify.com/v1/tracks/0CqZmWXmRdocvpvFUeYpv7,https://api.spotify.com/v1/audio-analysis/0CqZmWXmRdocvpvFUeYpv7,920833,4
0.112,0.177,2,-16.815,1,0.0463,0.456,0.9,0.0968,0.0256,72.486,audio_features,72nBHcM5RRyoPiIC1a6OPj,spotify:track:72nBHcM5RRyoPiIC1a6OPj,https://api.spotify.com/v1/tracks/72nBHcM5RRyoPiIC1a6OPj,https://api.spotify.com/v1/audio-analysis/72nBHcM5RRyoPiIC1a6OPj,1305600,4
0.14,0.0925,2,-22.711,1,0.0466,0.376,0.942,0.292,0.0336,140.441,audio_features,7FYbiwCEaxSEp2iAeteqUJ,spotify:track:7FYbiwCEaxSEp2iAeteqUJ,https://api.spotify.com/v1/tracks/7FYbiwCEaxSEp2iAeteqUJ,https://api.spotify.com/v1/audio-analysis/7FYbiwCEaxSEp2iAeteqUJ,1065560,4
0.336,0.11,11,-19.231,1,0.0444,0.951,0.935,0.11,0.0389,72.343,audio_features,7pes8uQmsmsHtFiG1eFsJM,spotify:track:7pes8uQmsmsHtFiG1eFsJM,https://api.spotify.com/v1/tracks/7pes8uQmsmsHtFiG1eFsJM,https://api.spotify.com/v1/audio-analysis/7pes8uQmsmsHtFiG1eFsJM,1313971,4
0.101,0.204,8,-13.206,1,0.045,0.96,0.923,0.141,0.0304,80.029,audio_features,2rEEQZzotPv8knXJxJBEkA,spotify:track:2rEEQZzotPv8knXJxJBEkA,https://api.spotify.com/v1/tracks/2rEEQZzotPv8knXJxJBEkA,https://api.spotify.com/v1/audio-analysis/2rEEQZzotPv8knXJxJBEkA,1214484,3
0.326,0.211,9,-20.972,0,0.0563,0.862,0.663,0.566,0.0387,174.002,audio_features,1IGvw7GVq2woXl9KgGEqUp,spotify:track:1IGvw7GVq2woXl9KgGEqUp,https://api.spotify.com/v1/tracks/1IGvw7GVq2woXl9KgGEqUp,https://api.spotify.com/v1/audio-analysis/1IGvw7GVq2woXl9KgGEqUp,1209816,3
0.172,0.124,8,-21.048,1,0.0333,0.958,0.97,0.283,0.0394,123.85,audio_features,6kpoN7Z1mahkMePKztQdHt,spotify:track:6kpoN7Z1mahkMePKztQdHt,https://api.spotify.com/v1/tracks/6kpoN7Z1mahkMePKztQdHt,https://api.spotify.com/v1/audio-analysis/6kpoN7Z1mahkMePKztQdHt,1052000,3
0.116,0.18,10,-19.336,1,0.0315,0.92,0.944,0.103,0.0353,87.828,audio_features,1sWNTVYnz0xbo3AWtBuM2m,spotify:track:1sWNTVYnz0xbo3AWtBuM2m,https://api.spotify.com/v1/tracks/1sWNTVYnz0xbo3AWtBuM2m,https://api.spotify.com/v1/audio-analysis/1sWNTVYnz0xbo3AWtBuM2m,1493200,4
0.16,0.265,8,-13.162,0,0.0391,0.264,0.652,0.355,0.0329,130.34,audio_features,6YRpvEm2FtO0blsPJmogkU,spotify:track:6YRpvEm2FtO0blsPJmogkU,https://api.spotify.com/v1/tracks/6YRpvEm2FtO0blsPJmogkU,https://api.spotify.com/v1/audio-analysis/6YRpvEm2FtO0blsPJmogkU,985000,3
0.155,0.0165,0,-32.041,1,0.0546,0.994,0.959,0.101,0.0341,65.188,audio_features,49QhJ4sBBDgQk8RaWMV2Yn,spotify:track:49QhJ4sBBDgQk8RaWMV2Yn,https://api.spotify.com/v1/tracks/49QhJ4sBBDgQk8RaWMV2Yn,https://api.spotify.com/v1/audio-analysis/49QhJ4sBBDgQk8RaWMV2Yn,1810827,3
0.309,0.336,2,-17.781,0,0.0454,0.954,0.924,0.0731,0.389,77.524,audio_features,0Ce9hfvldAnHBD4wN8JrVk,spotify:track:0Ce9hfvldAnHBD4wN8JrVk,https://api.spotify.com/v1/tracks/0Ce9hfvldAnHBD4wN8JrVk,https://api.spotify.com/v1/audio-analysis/0Ce9hfvldAnHBD4wN8JrVk,1444893,4
0.147,0.0204,2,-33.459,1,0.0379,0.982,0.978,0.0857,0.0352,139.112,audio_features,77spglhDyLyFjoV7kjzhOS,spotify:track:77spglhDyLyFjoV7kjzhOS,https://api.spotify.com/v1/tracks/77spglhDyLyFjoV7kjzhOS,https://api.spotify.com/v1/audio-analysis/77spglhDyLyFjoV7kjzhOS,1105936,3
0.619,0.58,9,-9.088,1,0.0427,0.162,0.902,0.12,0.355,130.483,audio_features,368CxNdEb0L2FsZemKsAvE,spotify:track:368CxNdEb0L2FsZemKsAvE,https://api.spotify.com/v1/tracks/368CxNdEb0L2FsZemKsAvE,https://api.spotify.com/v1/audio-analysis/368CxNdEb0L2FsZemKsAvE,1246310,4
0.161,0.324,6,-16.821,1,0.0453,0.697,0.888,0.0996,0.114,81.716,audio_features,2Q5NRptvgxkvMkPlhOQJve,spotify:track:2Q5NRptvgxkvMkPlhOQJve,https://api.spotify.com/v1/tracks/2Q5NRptvgxkvMkPlhOQJve,https://api.spotify.com/v1/audio-analysis/2Q5NRptvgxkvMkPlhOQJve,1186398,4
0.26,0.00397,2,-31.095,1,0.0406,0.982,0.913,0.102,0.0368,82.862,audio_features,3bCmDqflFBHijgJfvtqev5,spotify:track:3bCmDqflFBHijgJfvtqev5,https://api.spotify.com/v1/tracks/3bCmDqflFBHijgJfvtqev5,https://api.spotify.com/v1/audio-analysis/3bCmDqflFBHijgJfvtqev5,1041520,4
0.239,0.154,10,-22.355,1,0.0338,0.856,0.914,0.0935,0.176,136.96,audio_features,0EiW7uVV0szH089yAUf5xX,spotify:track:0EiW7uVV0szH089yAUf5xX,https://api.spotify.com/v1/tracks/0EiW7uVV0szH089yAUf5xX,https://api.spotify.com/v1/audio-analysis/0EiW7uVV0szH089yAUf5xX,702147,4
0.241,0.665,0,-16.037,0,0.128,0.741,0.843,0.381,0.0397,124.422,audio_features,3OtCjXOx1v2GEEDtxmmXWA,spotify:track:3OtCjXOx1v2GEEDtxmmXWA,https://api.spotify.com/v1/tracks/3OtCjXOx1v2GEEDtxmmXWA,https://api.spotify.com/v1/audio-analysis/3OtCjXOx1v2GEEDtxmmXWA,1087000,4
0.144,0.108,5,-18.345,1,0.0406,0.28,0.841,0.0499,0.0319,137.951,audio_features,2Zqa8Gff5YFuOgtkjL0cOR,spotify:track:2Zqa8Gff5YFuOgtkjL0cOR,https://api.spotify.com/v1/tracks/2Zqa8Gff5YFuOgtkjL0cOR,https://api.spotify.com/v1/audio-analysis/2Zqa8Gff5YFuOgtkjL0cOR,4779227,4
0.202,0.265,0,-24.304,1,0.0473,0.9,0.916,0.0934,0.0607,100.161,audio_features,7pgfhfZd9QMeVNXUN5QlZS,spotify:track:7pgfhfZd9QMeVNXUN5QlZS,https://api.spotify.com/v1/tracks/7pgfhfZd9QMeVNXUN5QlZS,https://api.spotify.com/v1/audio-analysis/7pgfhfZd9QMeVNXUN5QlZS,1095307,4
0.146,0.232,4,-19.42,0,0.0474,0.989,0.95,0.295,0.0395,85.11,audio_features,5Hk5ZRdIoxtTBzGyD5lZ8P,spotify:track:5Hk5ZRdIoxtTBzGyD5lZ8P,https://api.spotify.com/v1/tracks/5Hk5ZRdIoxtTBzGyD5lZ8P,https://api.spotify.com/v1/audio-analysis/5Hk5ZRdIoxtTBzGyD5lZ8P,985758,4
0.0997,0.19,1,-24.144,0,0.0534,0.967,0.919,0.365,0.124,69.266,audio_features,3eNaCqjTBSmrk7AZb9eulb,spotify:track:3eNaCqjTBSmrk7AZb9eulb,https://api.spotify.com/v1/tracks/3eNaCqjTBSmrk7AZb9eulb,https://api.spotify.com/v1/audio-analysis/3eNaCqjTBSmrk7AZb9eulb,1393224,4
0.113,0.641,6,-17.549,1,0.129,0.2,0.784,0.105,0.035,84.538,audio_features,39K6s8Rr8nbghY4wzdR5hl,spotify:track:39K6s8Rr8nbghY4wzdR5hl,https://api.spotify.com/v1/tracks/39K6s8Rr8nbghY4wzdR5hl,https://api.spotify.com/v1/audio-analysis/39K6s8Rr8nbghY4wzdR5hl,844000,4
0.199,0.175,1,-28.075,1,0.0644,0.85,0.923,0.117,0.252,66.042,audio_features,39KPDqrQsNr1OPfq4xvSCV,spotify:track:39KPDqrQsNr1OPfq4xvSCV,https://api.spotify.com/v1/tracks/39KPDqrQsNr1OPfq4xvSCV,https://api.spotify.com/v1/audio-analysis/39KPDqrQsNr1OPfq4xvSCV,1803000,4
0.246,0.188,8,-19.107,1,0.0529,0.627,0.754,0.0897,0.0387,86.617,audio_features,2EhtiW9gNJVCpHGMAyk1LA,spotify:track:2EhtiW9gNJVCpHGMAyk1LA,https://api.spotify.com/v1/tracks/2EhtiW9gNJVCpHGMAyk1LA,https://api.spotify.com/v1/audio-analysis/2EhtiW9gNJVCpHGMAyk1LA,2100908,4
0.294,0.535,2,-19.151,0,0.0408,0.167,0.87,0.195,0.114,171.973,audio_features,1c9gPNG5YajP55gk4O964M,spotify:track:1c9gPNG5YajP55gk4O964M,https://api.spotify.com/v1/tracks/1c9gPNG5YajP55gk4O964M,https://api.spotify.com/v1/audio-analysis/1c9gPNG5YajP55gk4O964M,1557833,4
0.289,0.703,9,-16.125,1,0.539,0.24,0.893,0.189,0.0719,108.003,audio_features,3fPBBlL4anPmCJhllMQXon,spotify:track:3fPBBlL4anPmCJhllMQXon,https://api.spotify.com/v1/tracks/3fPBBlL4anPmCJhllMQXon,https://api.spotify.com/v1/audio-analysis/3fPBBlL4anPmCJhllMQXon,914250,4
0.103,0.23,9,-19.579,0,0.0411,0.918,0.927,0.0939,0.0351,72.452,audio_features,0JJmrRoNITYVgeJfk063n3,spotify:track:0JJmrRoNITYVgeJfk063n3,https://api.spotify.com/v1/tracks/0JJmrRoNITYVgeJfk063n3,https://api.spotify.com/v1/audio-analysis/0JJmrRoNITYVgeJfk063n3,1001299,3
0.0911,0.0483,2,-16.175,1,0.0472,0.911,0.735,0.0834,0.0393,79.703,audio_features,4FHo939saDuimXPuYz1aQL,spotify:track:4FHo939saDuimXPuYz1aQL,https://api.spotify.com/v1/tracks/4FHo939saDuimXPuYz1aQL,https://api.spotify.com/v1/audio-analysis/4FHo939saDuimXPuYz1aQL,916000,4
0.068,0.000357,1,-36.897,1,0.0983,0.772,0.972,0.112,0.0291,71.542,audio_features,7hVCm1H84X1sr1RyfKGzkX,spotify:track:7hVCm1H84X1sr1RyfKGzkX,https://api.spotify.com/v1/tracks/7hVCm1H84X1sr1RyfKGzkX,https://api.spotify.com/v1/audio-analysis/7hVCm1H84X1sr1RyfKGzkX,1244500,3
0.224,0.196,5,-23.198,0,0.0365,0.988,0.884,0.104,0.145,115.567,audio_features,04ulTcYnjXajnw2T3KO6D1,spotify:track:04ulTcYnjXajnw2T3KO6D1,https://api.spotify.com/v1/tracks/04ulTcYnjXajnw2T3KO6D1,https://api.spotify.com/v1/audio-analysis/04ulTcYnjXajnw2T3KO6D1,1210287,3
0.143,0.64,9,-17.095,0,0.0923,0.462,0.968,0.221,0.00479,104.369,audio_features,0vDyyvRmZKEC2UW4bucQlw,spotify:track:0vDyyvRmZKEC2UW4bucQlw,https://api.spotify.com/v1/tracks/0vDyyvRmZKEC2UW4bucQlw,https://api.spotify.com/v1/audio-analysis/0vDyyvRmZKEC2UW4bucQlw,1778978,4
0.196,0.0274,6,-31.611,1,0.0436,0.98,0.666,0.213,0.0309,66.989,audio_features,2onDSsrIdCaAm9p5ji0bbk,spotify:track:2onDSsrIdCaAm9p5ji0bbk,https://api.spotify.com/v1/tracks/2onDSsrIdCaAm9p5ji0bbk,https://api.spotify.com/v1/audio-analysis/2onDSsrIdCaAm9p5ji0bbk,1190162,5
0.0657,0.0868,9,-20.804,0,0.0444,0.953,0.824,0.147,0.0276,73.809,audio_features,7AM44RzCn6Eybd7OOdDkkU,spotify:track:7AM44RzCn6Eybd7OOdDkkU,https://api.spotify.com/v1/tracks/7AM44RzCn6Eybd7OOdDkkU,https://api.spotify.com/v1/audio-analysis/7AM44RzCn6Eybd7OOdDkkU,1418893,3
0.116,0.0179,9,-32.948,1,0.0462,0.97,0.969,0.0871,0.0347,71.498,audio_features,58tXLPg2DQsrg5ts5CqWrR,spotify:track:58tXLPg2DQsrg5ts5CqWrR,https://api.spotify.com/v1/tracks/58tXLPg2DQsrg5ts5CqWrR,https://api.spotify.com/v1/audio-analysis/58tXLPg2DQsrg5ts5CqWrR,1496133,3
0.171,0.0371,8,-32.469,0,0.0386,0.908,0.975,0.0792,0.0437,135.031,audio_features,7eyrOUEsP04DjbMAIUKXEV,spotify:track:7eyrOUEsP04DjbMAIUKXEV,https://api.spotify.com/v1/tracks/7eyrOUEsP04DjbMAIUKXEV,https://api.spotify.com/v1/audio-analysis/7eyrOUEsP04DjbMAIUKXEV,803000,4
0.293,0.14,5,-21.274,0,0.034,0.931,0.652,0.0948,0.0374,116.122,audio_features,0HbaFS42e5PhQ0UWGpO4x7,spotify:track:0HbaFS42e5PhQ0UWGpO4x7,https://api.spotify.com/v1/tracks/0HbaFS42e5PhQ0UWGpO4x7,https://api.spotify.com/v1/audio-analysis/0HbaFS42e5PhQ0UWGpO4x7,661348,3
0.225,0.461,4,-15.813,0,0.0847,0.928,0.895,0.0629,0.322,135.347,audio_features,7oFi295nEHtVCTJmn8jtA8,spotify:track:7oFi295nEHtVCTJmn8jtA8,https://api.spotify.com/v1/tracks/7oFi295nEHtVCTJmn8jtA8,https://api.spotify.com/v1/audio-analysis/7oFi295nEHtVCTJmn8jtA8,1219106,5
0.331,0.336,2,-18.279,1,0.039,0.784,0.941,0.0801,0.13,119.49,audio_features,63UbIBRjfi8273JzExI9Mk,spotify:track:63UbIBRjfi8273JzExI9Mk,https://api.spotify.com/v1/tracks/63UbIBRjfi8273JzExI9Mk,https://api.spotify.com/v1/audio-analysis/63UbIBRjfi8273JzExI9Mk,1015687,4
0.0645,0.0394,7,-29.481,0,0.0514,0.977,0.889,0.0749,0.0306,67.034,audio_features,7MMXFqR5OagEJbZLzkxTL6,spotify:track:7MMXFqR5OagEJbZLzkxTL6,https://api.spotify.com/v1/tracks/7MMXFqR5OagEJbZLzkxTL6,https://api.spotify.com/v1/audio-analysis/7MMXFqR5OagEJbZLzkxTL6,3924548,3
0.154,0.075,1,-27.705,1,0.0428,0.968,0.904,0.934,0.0275,96.272,audio_features,3jmVssDLvTVSRTVZQzCZcW,spotify:track:3jmVssDLvTVSRTVZQzCZcW,https://api.spotify.com/v1/tracks/3jmVssDLvTVSRTVZQzCZcW,https://api.spotify.com/v1/audio-analysis/3jmVssDLvTVSRTVZQzCZcW,1049000,1
0.117,0.256,1,-21.356,1,0.0393,0.839,0.839,0.103,0.04,72.095,audio_features,6WfCPjQVIdPHJGEHaMcrzT,spotify:track:6WfCPjQVIdPHJGEHaMcrzT,https://api.spotify.com/v1/tracks/6WfCPjQVIdPHJGEHaMcrzT,https://api.spotify.com/v1/audio-analysis/6WfCPjQVIdPHJGEHaMcrzT,1129320,3
0.145,0.422,9,-11.234,0,0.0431,0.554,0.287,0.121,0.0392,74.783,audio_features,7CQFDhAbz7zLvtNcsl3qAB,spotify:track:7CQFDhAbz7zLvtNcsl3qAB,https://api.spotify.com/v1/tracks/7CQFDhAbz7zLvtNcsl3qAB,https://api.spotify.com/v1/audio-analysis/7CQFDhAbz7zLvtNcsl3qAB,910387,4
0.135,0.298,2,-12.236,1,0.0445,0.86,0.932,0.0996,0.0297,70.465,audio_features,0VDYvtQF5rtN9a7XshFZCd,spotify:track:0VDYvtQF5rtN9a7XshFZCd,https://api.spotify.com/v1/tracks/0VDYvtQF5rtN9a7XshFZCd,https://api.spotify.com/v1/audio-analysis/0VDYvtQF5rtN9a7XshFZCd,1041570,4
0.275,0.381,2,-18.374,0,0.042,0.87,0.932,0.0865,0.0648,148.955,audio_features,6Qx7IRv8VmRTppmnks6fDm,spotify:track:6Qx7IRv8VmRTppmnks6fDm,https://api.spotify.com/v1/tracks/6Qx7IRv8VmRTppmnks6fDm,https://api.spotify.com/v1/audio-analysis/6Qx7IRv8VmRTppmnks6fDm,1059351,4
0.276,0.192,2,-16.73,1,0.0315,0.473,0.763,0.214,0.0505,133.829,audio_features,5v0CptwAhZ5HoNplFTk4CB,spotify:track:5v0CptwAhZ5HoNplFTk4CB,https://api.spotify.com/v1/tracks/5v0CptwAhZ5HoNplFTk4CB,https://api.spotify.com/v1/audio-analysis/5v0CptwAhZ5HoNplFTk4CB,1161587,4
0.129,0.203,4,-21.054,0,0.0478,0.83,0.613,0.105,0.0672,144.789,audio_features,3I3WLa8UWoY1icDkyK1DJC,spotify:track:3I3WLa8UWoY1icDkyK1DJC,https://api.spotify.com/v1/tracks/3I3WLa8UWoY1icDkyK1DJC,https://api.spotify.com/v1/audio-analysis/3I3WLa8UWoY1icDkyK1DJC,3081000,4
0.172,0.442,6,-16.221,0,0.0568,0.965,0.948,0.109,0.298,87.402,audio_features,5mYONcA7ip6iZL5513DZes,spotify:track:5mYONcA7ip6iZL5513DZes,https://api.spotify.com/v1/tracks/5mYONcA7ip6iZL5513DZes,https://api.spotify.com/v1/audio-analysis/5mYONcA7ip6iZL5513DZes,878000,3
0.165,0.211,7,-15.082,1,0.0486,0.912,0.972,0.732,0.0374,112.791,audio_features,60KXl9HyXW0SPQBMXEEGzb,spotify:track:60KXl9HyXW0SPQBMXEEGzb,https://api.spotify.com/v1/tracks/60KXl9HyXW0SPQBMXEEGzb,https://api.spotify.com/v1/audio-analysis/60KXl9HyXW0SPQBMXEEGzb,796478,3
0.193,0.395,7,-19.083,1,0.0488,0.873,0.937,0.118,0.0336,128.457,audio_features,0ntd4OlrLvwCC4xETtiZpG,spotify:track:0ntd4OlrLvwCC4xETtiZpG,https://api.spotify.com/v1/tracks/0ntd4OlrLvwCC4xETtiZpG,https://api.spotify.com/v1/audio-analysis/0ntd4OlrLvwCC4xETtiZpG,900165,3
0.0638,0.107,6,-24.936,1,0.0367,0.941,0.914,0.0927,0.027,65.186,audio_features,2YkMGSJ1NgdPoHu7TsxtGO,spotify:track:2YkMGSJ1NgdPoHu7TsxtGO,https://api.spotify.com/v1/tracks/2YkMGSJ1NgdPoHu7TsxtGO,https://api.spotify.com/v1/audio-analysis/2YkMGSJ1NgdPoHu7TsxtGO,2640040,4
0.0966,0.347,10,-12.961,1,0.0367,0.989,0.584,0.13,0.0513,169.155,audio_features,1zpArFIlQ4ZS2j5PFa86al,spotify:track:1zpArFIlQ4ZS2j5PFa86al,https://api.spotify.com/v1/tracks/1zpArFIlQ4ZS2j5PFa86al,https://api.spotify.com/v1/audio-analysis/1zpArFIlQ4ZS2j5PFa86al,952000,1
0.0918,0.0569,0,-31.808,1,0.0358,0.976,0.884,0.0842,0.0528,81.944,audio_features,4t3Yh6tKkxXrc458pNI7zZ,spotify:track:4t3Yh6tKkxXrc458pNI7zZ,https://api.spotify.com/v1/tracks/4t3Yh6tKkxXrc458pNI7zZ,https://api.spotify.com/v1/audio-analysis/4t3Yh6tKkxXrc458pNI7zZ,3650800,3
0.312,0.277,10,-20.634,1,0.174,0.972,0.858,0.767,0.214,72.865,audio_features,1SrKUJ1r6wNGSqaF7aKvzv,spotify:track:1SrKUJ1r6wNGSqaF7aKvzv,https://api.spotify.com/v1/tracks/1SrKUJ1r6wNGSqaF7aKvzv,https://api.spotify.com/v1/audio-analysis/1SrKUJ1r6wNGSqaF7aKvzv,1189141,4
0.0562,0.0124,1,-29.396,0,0.0552,0.65,0.979,0.382,0.0246,50.624,audio_features,36ODzKAfSlq1REMctaaiTu,spotify:track:36ODzKAfSlq1REMctaaiTu,https://api.spotify.com/v1/tracks/36ODzKAfSlq1REMctaaiTu,https://api.spotify.com/v1/audio-analysis/36ODzKAfSlq1REMctaaiTu,3139207,4
0.177,0.0763,2,-20.746,0,0.0442,0.95,0.411,0.146,0.0383,138.744,audio_features,786fj28joB7etRfPyL283p,spotify:track:786fj28joB7etRfPyL283p,https://api.spotify.com/v1/tracks/786fj28joB7etRfPyL283p,https://api.spotify.com/v1/audio-analysis/786fj28joB7etRfPyL283p,1883000,3
0.703,0.948,10,-11.248,0,0.0765,0.0452,0.0852,0.444,0.202,113.04,audio_features,0rELU1927cX3fBCNdMbWXY,spotify:track:0rELU1927cX3fBCNdMbWXY,https://api.spotify.com/v1/tracks/0rELU1927cX3fBCNdMbWXY,https://api.spotify.com/v1/audio-analysis/0rELU1927cX3fBCNdMbWXY,851533,4
0.198,0.127,4,-31.682,0,0.0484,0.949,0.928,0.12,0.0829,138.525,audio_features,62trfK6Chju0lRwNhDjEGU,spotify:track:62trfK6Chju0lRwNhDjEGU,https://api.spotify.com/v1/tracks/62trfK6Chju0lRwNhDjEGU,https://api.spotify.com/v1/audio-analysis/62trfK6Chju0lRwNhDjEGU,1773640,4
0.13,0.0866,6,-30.025,0,0.0388,0.956,0.946,0.122,0.0964,71.499,audio_features,3YXsOx0ucIfsSLLjKC9eeW,spotify:track:3YXsOx0ucIfsSLLjKC9eeW,https://api.spotify.com/v1/tracks/3YXsOx0ucIfsSLLjKC9eeW,https://api.spotify.com/v1/audio-analysis/3YXsOx0ucIfsSLLjKC9eeW,853253,4
0.304,0.00894,8,-28.769,1,0.0406,0.988,0.928,0.107,0.122,70.098,audio_features,7wQhflwnNMrdAA8HucEtEr,spotify:track:7wQhflwnNMrdAA8HucEtEr,https://api.spotify.com/v1/tracks/7wQhflwnNMrdAA8HucEtEr,https://api.spotify.com/v1/audio-analysis/7wQhflwnNMrdAA8HucEtEr,1042426,4
0.0631,0.193,2,-19.238,0,0.0449,0.588,0.817,0.0783,0.0366,66.992,audio_features,7ISIqewgqoRByGPWOsWUF1,spotify:track:7ISIqewgqoRByGPWOsWUF1,https://api.spotify.com/v1/tracks/7ISIqewgqoRByGPWOsWUF1,https://api.spotify.com/v1/audio-analysis/7ISIqewgqoRByGPWOsWUF1,1297913,5
0.119,0.052,6,-23.698,1,0.0366,0.963,0.861,0.113,0.0319,83.501,audio_features,5oTnjavcEz8hENl2nlYmdx,spotify:track:5oTnjavcEz8hENl2nlYmdx,https://api.spotify.com/v1/tracks/5oTnjavcEz8hENl2nlYmdx,https://api.spotify.com/v1/audio-analysis/5oTnjavcEz8hENl2nlYmdx,1107267,4
0.15,0.2,9,-17.299,1,0.0363,0.854,0.865,0.14,0.0294,78.241,audio_features,3GcUWe6Fq1ULIJHKlRTyki,spotify:track:3GcUWe6Fq1ULIJHKlRTyki,https://api.spotify.com/v1/tracks/3GcUWe6Fq1ULIJHKlRTyki,https://api.spotify.com/v1/audio-analysis/3GcUWe6Fq1ULIJHKlRTyki,769844,4
0.435,0.421,9,-21.564,0,0.179,0.35,0.373,0.683,0.119,116.112,audio_features,3sDs4uPYFxn5urEXY6ZnhI,spotify:track:3sDs4uPYFxn5urEXY6ZnhI,https://api.spotify.com/v1/tracks/3sDs4uPYFxn5urEXY6ZnhI,https://api.spotify.com/v1/audio-analysis/3sDs4uPYFxn5urEXY6ZnhI,1054667,4
0.379,0.569,1,-19.784,1,0.082,0.708,0.842,0.13,0.092,124.887,audio_features,6QlhejdyjN55Lh5KnvcSpW,spotify:track:6QlhejdyjN55Lh5KnvcSpW,https://api.spotify.com/v1/tracks/6QlhejdyjN55Lh5KnvcSpW,https://api.spotify.com/v1/audio-analysis/6QlhejdyjN55Lh5KnvcSpW,1128600,4
0.336,0.564,2,-13.459,1,0.0433,0.118,0.726,0.12,0.223,170.0,audio_features,6MyKagqW2c9kA0bh7j8emc,spotify:track:6MyKagqW2c9kA0bh7j8emc,https://api.spotify.com/v1/tracks/6MyKagqW2c9kA0bh7j8emc,https://api.spotify.com/v1/audio-analysis/6MyKagqW2c9kA0bh7j8emc,1721787,4
0.146,0.0987,9,-28.206,1,0.0421,0.374,0.827,0.0765,0.0283,140.145,audio_features,2aEW5RFkOKulER8vYmPneM,spotify:track:2aEW5RFkOKulER8vYmPneM,https://api.spotify.com/v1/tracks/2aEW5RFkOKulER8vYmPneM,https://api.spotify.com/v1/audio-analysis/2aEW5RFkOKulER8vYmPneM,2556796,5
0.192,0.0341,7,-31.267,1,0.0366,0.97,0.879,0.39,0.0354,137.075,audio_features,7CYNZgGuWr2lhkeQh1yurD,spotify:track:7CYNZgGuWr2lhkeQh1yurD,https://api.spotify.com/v1/tracks/7CYNZgGuWr2lhkeQh1yurD,https://api.spotify.com/v1/audio-analysis/7CYNZgGuWr2lhkeQh1yurD,639547,4
0.0783,0.0706,7,-29.164,1,0.0412,0.989,0.97,0.277,0.0348,68.753,audio_features,6PI2CNvpsv3k2ofK6cq42N,spotify:track:6PI2CNvpsv3k2ofK6cq42N,https://api.spotify.com/v1/tracks/6PI2CNvpsv3k2ofK6cq42N,https://api.spotify.com/v1/audio-analysis/6PI2CNvpsv3k2ofK6cq42N,684360,4
0.11,0.163,7,-24.265,0,0.0466,0.844,0.913,0.0894,0.0384,73.731,audio_features,3dtqIffw4K0rtnRWP0NSUA,spotify:track:3dtqIffw4K0rtnRWP0NSUA,https://api.spotify.com/v1/tracks/3dtqIffw4K0rtnRWP0NSUA,https://api.spotify.com/v1/audio-analysis/3dtqIffw4K0rtnRWP0NSUA,1249000,4
0.0913,0.355,10,-18.961,1,0.0417,0.863,0.918,0.111,0.0586,76.36,audio_features,01XJ8RAsBBsmvqAn6nxQKh,spotify:track:01XJ8RAsBBsmvqAn6nxQKh,https://api.spotify.com/v1/tracks/01XJ8RAsBBsmvqAn6nxQKh,https://api.spotify.com/v1/audio-analysis/01XJ8RAsBBsmvqAn6nxQKh,1342360,4
0.0651,0.0488,0,-25.529,0,0.0453,0.968,0.901,0.108,0.0395,67.68,audio_features,3Ra1GJgqSBrhc2RHlf55xP,spotify:track:3Ra1GJgqSBrhc2RHlf55xP,https://api.spotify.com/v1/tracks/3Ra1GJgqSBrhc2RHlf55xP,https://api.spotify.com/v1/audio-analysis/3Ra1GJgqSBrhc2RHlf55xP,1503067,4
0.234,0.37,5,-16.501,0,0.0536,0.732,0.917,0.153,0.0374,72.532,audio_features,4QSUFRK5BxQgimxvB46SV4,spotify:track:4QSUFRK5BxQgimxvB46SV4,https://api.spotify.com/v1/tracks/4QSUFRK5BxQgimxvB46SV4,https://api.spotify.com/v1/audio-analysis/4QSUFRK5BxQgimxvB46SV4,1366373,4
0.163,0.402,2,-10.513,1,0.0371,0.667,0.843,0.131,0.0405,107.945,audio_features,4dDdGh1VQTPYLm2bLl4M5m,spotify:track:4dDdGh1VQTPYLm2bLl4M5m,https://api.spotify.com/v1/tracks/4dDdGh1VQTPYLm2bLl4M5m,https://api.spotify.com/v1/audio-analysis/4dDdGh1VQTPYLm2bLl4M5m,2388747,5
0.0688,0.16,9,-19.908,1,0.0436,0.959,0.878,0.119,0.0374,75.689,audio_features,5HUJkGzQr6KF0A59WbnhTN,spotify:track:5HUJkGzQr6KF0A59WbnhTN,https://api.spotify.com/v1/tracks/5HUJkGzQr6KF0A59WbnhTN,https://api.spotify.com/v1/audio-analysis/5HUJkGzQr6KF0A59WbnhTN,1195953,3
0.168,0.0316,5,-30.755,0,0.0545,0.798,0.963,0.208,0.0335,114.437,audio_features,7IxXPed4lbAlm39E8DvPrT,spotify:track:7IxXPed4lbAlm39E8DvPrT,https://api.spotify.com/v1/tracks/7IxXPed4lbAlm39E8DvPrT,https://api.spotify.com/v1/audio-analysis/7IxXPed4lbAlm39E8DvPrT,1046296,3
0.147,0.0337,2,-32.994,0,0.0541,0.859,0.83,0.112,0.0327,137.223,audio_features,1tEsZawMpKGQ4CqEwyueoi,spotify:track:1tEsZawMpKGQ4CqEwyueoi,https://api.spotify.com/v1/tracks/1tEsZawMpKGQ4CqEwyueoi,https://api.spotify.com/v1/audio-analysis/1tEsZawMpKGQ4CqEwyueoi,1199000,4
0.0663,0.181,10,-26.521,0,0.0429,0.979,0.744,0.106,0.0786,75.881,audio_features,0gqQUXA8UdKyPxMXLlrNcW,spotify:track:0gqQUXA8UdKyPxMXLlrNcW,https://api.spotify.com/v1/tracks/0gqQUXA8UdKyPxMXLlrNcW,https://api.spotify.com/v1/audio-analysis/0gqQUXA8UdKyPxMXLlrNcW,693000,4
0.0588,0.184,7,-26.224,0,0.0675,0.842,0.947,0.0969,0.0393,62.614,audio_features,3RpZn51oKid1QdaRD3Qnez,spotify:track:3RpZn51oKid1QdaRD3Qnez,https://api.spotify.com/v1/tracks/3RpZn51oKid1QdaRD3Qnez,https://api.spotify.com/v1/audio-analysis/3RpZn51oKid1QdaRD3Qnez,1088000,4
0.365,0.022,10,-19.171,0,0.0591,0.954,0.556,0.0707,0.0354,74.477,audio_features,6CXHMfKWiIGJIvIZkGRF6D,spotify:track:6CXHMfKWiIGJIvIZkGRF6D,https://api.spotify.com/v1/tracks/6CXHMfKWiIGJIvIZkGRF6D,https://api.spotify.com/v1/audio-analysis/6CXHMfKWiIGJIvIZkGRF6D,649042,4
0.213,0.301,1,-16.913,0,0.0623,0.956,0.864,0.114,0.108,72.501,audio_features,6Hcucgn8FRva8fsXxEhcxl,spotify:track:6Hcucgn8FRva8fsXxEhcxl,https://api.spotify.com/v1/tracks/6Hcucgn8FRva8fsXxEhcxl,https://api.spotify.com/v1/audio-analysis/6Hcucgn8FRva8fsXxEhcxl,660000,4
0.23,0.168,3,-22.653,1,0.0481,0.988,0.906,0.0967,0.0908,135.059,audio_features,0s5x2cr3VyJYez1W8SKXC0,spotify:track:0s5x2cr3VyJYez1W8SKXC0,https://api.spotify.com/v1/tracks/0s5x2cr3VyJYez1W8SKXC0,https://api.spotify.com/v1/audio-analysis/0s5x2cr3VyJYez1W8SKXC0,973880,3
0.0757,0.0801,10,-29.064,1,0.0495,0.979,0.964,0.0423,0.0305,67.277,audio_features,761DAAxu2LUjQ9MiqdEEGH,spotify:track:761DAAxu2LUjQ9MiqdEEGH,https://api.spotify.com/v1/tracks/761DAAxu2LUjQ9MiqdEEGH,https://api.spotify.com/v1/audio-analysis/761DAAxu2LUjQ9MiqdEEGH,1047545,4
0.351,0.189,7,-29.342,0,0.0855,0.789,0.911,0.131,0.24,89.949,audio_features,7g1FIrdGPI8Ok4z7tjaJQa,spotify:track:7g1FIrdGPI8Ok4z7tjaJQa,https://api.spotify.com/v1/tracks/7g1FIrdGPI8Ok4z7tjaJQa,https://api.spotify.com/v1/audio-analysis/7g1FIrdGPI8Ok4z7tjaJQa,1501253,4
0.0797,0.502,7,-19.318,1,0.0722,0.51,0.885,0.599,0.0377,76.415,audio_features,2lYBEvP96qopdl42Lg7y5j,spotify:track:2lYBEvP96qopdl42Lg7y5j,https://api.spotify.com/v1/tracks/2lYBEvP96qopdl42Lg7y5j,https://api.spotify.com/v1/audio-analysis/2lYBEvP96qopdl42Lg7y5j,660653,5
0.0897,0.383,11,-26.928,0,0.0339,0.961,0.82,0.348,0.207,174.136,audio_features,1BhNdKPskUFQVELGgqaHIH,spotify:track:1BhNdKPskUFQVELGgqaHIH,https://api.spotify.com/v1/tracks/1BhNdKPskUFQVELGgqaHIH,https://api.spotify.com/v1/audio-analysis/1BhNdKPskUFQVELGgqaHIH,1193707,1
0.197,0.422,2,-17.453,1,0.0505,0.672,0.58,0.128,0.131,172.806,audio_features,0aGvcIUEdMq9PelZIGJOBU,spotify:track:0aGvcIUEdMq9PelZIGJOBU,https://api.spotify.com/v1/tracks/0aGvcIUEdMq9PelZIGJOBU,https://api.spotify.com/v1/audio-analysis/0aGvcIUEdMq9PelZIGJOBU,1119333,4
0.217,0.636,11,-14.525,1,0.0607,0.0147,0.422,0.303,0.0732,81.601,audio_features,3B4lp8GZOzyvpNePkbL7ga,spotify:track:3B4lp8GZOzyvpNePkbL7ga,https://api.spotify.com/v1/tracks/3B4lp8GZOzyvpNePkbL7ga,https://api.spotify.com/v1/audio-analysis/3B4lp8GZOzyvpNePkbL7ga,769027,1
0.158,0.041,0,-32.025,1,0.04,0.967,0.796,0.113,0.0368,141.609,audio_features,4NV9wYTFbFuOndIUUyE5Pi,spotify:track:4NV9wYTFbFuOndIUUyE5Pi,https://api.spotify.com/v1/tracks/4NV9wYTFbFuOndIUUyE5Pi,https://api.spotify.com/v1/audio-analysis/4NV9wYTFbFuOndIUUyE5Pi,1391987,4
0.365,0.588,7,-24.684,1,0.368,0.126,0.419,0.257,0.0361,109.696,audio_features,3qKgJN5eST2Lxv27txOLRy,spotify:track:3qKgJN5eST2Lxv27txOLRy,https://api.spotify.com/v1/tracks/3qKgJN5eST2Lxv27txOLRy,https://api.spotify.com/v1/audio-analysis/3qKgJN5eST2Lxv27txOLRy,2759667,4
0.131,0.572,11,-31.087,0,0.0489,0.527,0.932,0.0963,0.021,99.419,audio_features,77oGABpZsED7TBh5R9gRwj,spotify:track:77oGABpZsED7TBh5R9gRwj,https://api.spotify.com/v1/tracks/77oGABpZsED7TBh5R9gRwj,https://api.spotify.com/v1/audio-analysis/77oGABpZsED7TBh5R9gRwj,2561764,4
0.0933,0.282,0,-18.809,1,0.0531,0.783,0.927,0.0771,0.037,62.433,audio_features,2VE8xcKnPduFxy96R8PiIZ,spotify:track:2VE8xcKnPduFxy96R8PiIZ,https://api.spotify.com/v1/tracks/2VE8xcKnPduFxy96R8PiIZ,https://api.spotify.com/v1/audio-analysis/2VE8xcKnPduFxy96R8PiIZ,2479520,4
0.3,0.218,0,-20.684,1,0.132,0.817,0.0651,0.32,0.0395,83.845,audio_features,0lb6qGqN4rxxzWMUYrvupD,spotify:track:0lb6qGqN4rxxzWMUYrvupD,https://api.spotify.com/v1/tracks/0lb6qGqN4rxxzWMUYrvupD,https://api.spotify.com/v1/audio-analysis/0lb6qGqN4rxxzWMUYrvupD,2090733,4
0.358,0.424,7,-22.57,1,0.511,0.654,0.00463,0.068,0.0395,102.53,audio_features,1BCw4xFPg6fMJ3mOQyIgWW,spotify:track:1BCw4xFPg6fMJ3mOQyIgWW,https://api.spotify.com/v1/tracks/1BCw4xFPg6fMJ3mOQyIgWW,https://api.spotify.com/v1/audio-analysis/1BCw4xFPg6fMJ3mOQyIgWW,1583840,3
0.239,0.841,1,-8.194,1,0.468,0.238,0.356,0.0301,0.0514,84.065,audio_features,1uIkWbgmIcQdM0FZUeQmuK,spotify:track:1uIkWbgmIcQdM0FZUeQmuK,https://api.spotify.com/v1/tracks/1uIkWbgmIcQdM0FZUeQmuK,https://api.spotify.com/v1/audio-analysis/1uIkWbgmIcQdM0FZUeQmuK,1536973,3
0.207,0.195,5,-17.267,0,0.029,0.921,0.822,0.0875,0.0378,72.091,audio_features,3MNKjPvkQnMNq8BU2GwYFq,spotify:track:3MNKjPvkQnMNq8BU2GwYFq,https://api.spotify.com/v1/tracks/3MNKjPvkQnMNq8BU2GwYFq,https://api.spotify.com/v1/audio-analysis/3MNKjPvkQnMNq8BU2GwYFq,1351602,4
0.192,0.0989,10,-29.629,0,0.0443,0.992,0.926,0.0759,0.0641,139.125,audio_features,2VnPkphYiqLB32kmabgYJ2,spotify:track:2VnPkphYiqLB32kmabgYJ2,https://api.spotify.com/v1/tracks/2VnPkphYiqLB32kmabgYJ2,https://api.spotify.com/v1/audio-analysis/2VnPkphYiqLB32kmabgYJ2,2410000,4
0.28,0.219,11,-17.559,1,0.0361,0.948,0.466,0.122,0.303,138.048,audio_features,39yNHxks286iIcWLmQCg2m,spotify:track:39yNHxks286iIcWLmQCg2m,https://api.spotify.com/v1/tracks/39yNHxks286iIcWLmQCg2m,https://api.spotify.com/v1/audio-analysis/39yNHxks286iIcWLmQCg2m,848256,3
0.133,0.119,4,-18.251,0,0.0446,0.994,0.907,0.0989,0.0377,65.923,audio_features,4pFLly7AXNRU3bQ9piWJdv,spotify:track:4pFLly7AXNRU3bQ9piWJdv,https://api.spotify.com/v1/tracks/4pFLly7AXNRU3bQ9piWJdv,https://api.spotify.com/v1/audio-analysis/4pFLly7AXNRU3bQ9piWJdv,1495160,3
0.152,0.0247,9,-29.896,0,0.0433,0.964,0.931,0.158,0.0375,72.199,audio_features,6Z6TCcIBYEtVMNK96YtE0B,spotify:track:6Z6TCcIBYEtVMNK96YtE0B,https://api.spotify.com/v1/tracks/6Z6TCcIBYEtVMNK96YtE0B,https://api.spotify.com/v1/audio-analysis/6Z6TCcIBYEtVMNK96YtE0B,894694,4
0.201,0.195,5,-20.821,1,0.0426,0.934,0.934,0.155,0.0322,114.655,audio_features,5SsZc9Uao0uXApCpLFycTm,spotify:track:5SsZc9Uao0uXApCpLFycTm,https://api.spotify.com/v1/tracks/5SsZc9Uao0uXApCpLFycTm,https://api.spotify.com/v1/audio-analysis/5SsZc9Uao0uXApCpLFycTm,1488720,4
0.061,0.00978,5,-27.63,0,0.0437,0.994,0.969,0.079,0.036,67.224,audio_features,3gxcuLf2ZMpOTEyreIwRcN,spotify:track:3gxcuLf2ZMpOTEyreIwRcN,https://api.spotify.com/v1/tracks/3gxcuLf2ZMpOTEyreIwRcN,https://api.spotify.com/v1/audio-analysis/3gxcuLf2ZMpOTEyreIwRcN,1411791,4
0.19,0.521,0,-16.083,1,0.0437,0.744,0.736,0.0904,0.0379,138.855,audio_features,2LFvHkgLws1Qb6kQA1CQHi,spotify:track:2LFvHkgLws1Qb6kQA1CQHi,https://api.spotify.com/v1/tracks/2LFvHkgLws1Qb6kQA1CQHi,https://api.spotify.com/v1/audio-analysis/2LFvHkgLws1Qb6kQA1CQHi,1394160,4
0.254,0.0926,9,-22.829,0,0.0412,0.966,0.769,0.11,0.0307,65.956,audio_features,0sBHVlBysBkOZPFecBTxCX,spotify:track:0sBHVlBysBkOZPFecBTxCX,https://api.spotify.com/v1/tracks/0sBHVlBysBkOZPFecBTxCX,https://api.spotify.com/v1/audio-analysis/0sBHVlBysBkOZPFecBTxCX,1373013,4
0.36,0.0981,0,-22.594,1,0.0468,0.0501,0.793,0.0903,0.0309,124.421,audio_features,519DZaZdpu5q0aSkc1wsQK,spotify:track:519DZaZdpu5q0aSkc1wsQK,https://api.spotify.com/v1/tracks/519DZaZdpu5q0aSkc1wsQK,https://api.spotify.com/v1/audio-analysis/519DZaZdpu5q0aSkc1wsQK,1326533,4
0.257,0.394,0,-16.694,1,0.0401,0.952,0.897,0.835,0.0804,81.482,audio_features,6rkQkcYunSvcHtvLLeSOj4,spotify:track:6rkQkcYunSvcHtvLLeSOj4,https://api.spotify.com/v1/tracks/6rkQkcYunSvcHtvLLeSOj4,https://api.spotify.com/v1/audio-analysis/6rkQkcYunSvcHtvLLeSOj4,1292667,4
0.223,0.354,5,-14.587,0,0.042,0.909,0.808,0.149,0.037,120.078,audio_features,6B5ZwrGDmo5IicuXcdQmTl,spotify:track:6B5ZwrGDmo5IicuXcdQmTl,https://api.spotify.com/v1/tracks/6B5ZwrGDmo5IicuXcdQmTl,https://api.spotify.com/v1/audio-analysis/6B5ZwrGDmo5IicuXcdQmTl,1260124,3
0.284,0.456,10,-18.088,0,0.102,0.458,0.865,0.101,0.158,78.958,audio_features,7nft5Yb9Kme1GgLUABN35Z,spotify:track:7nft5Yb9Kme1GgLUABN35Z,https://api.spotify.com/v1/tracks/7nft5Yb9Kme1GgLUABN35Z,https://api.spotify.com/v1/audio-analysis/7nft5Yb9Kme1GgLUABN35Z,1149261,4
0.146,0.138,7,-19.181,1,0.0466,0.789,0.906,0.0894,0.0233,137.399,audio_features,32CngTyROmI3rQzQly467Z,spotify:track:32CngTyROmI3rQzQly467Z,https://api.spotify.com/v1/tracks/32CngTyROmI3rQzQly467Z,https://api.spotify.com/v1/audio-analysis/32CngTyROmI3rQzQly467Z,1148187,3
0.388,0.306,1,-21.835,0,0.295,0.848,0.000226,0.163,0.167,127.273,audio_features,0XjhKEJkLMygZlzXTbgFRP,spotify:track:0XjhKEJkLMygZlzXTbgFRP,https://api.spotify.com/v1/tracks/0XjhKEJkLMygZlzXTbgFRP,https://api.spotify.com/v1/audio-analysis/0XjhKEJkLMygZlzXTbgFRP,1127293,3
0.325,0.428,9,-20.664,0,0.0622,0.884,0.881,0.397,0.263,119.753,audio_features,41K2vI8Tms21IKgJh13pLR,spotify:track:41K2vI8Tms21IKgJh13pLR,https://api.spotify.com/v1/tracks/41K2vI8Tms21IKgJh13pLR,https://api.spotify.com/v1/audio-analysis/41K2vI8Tms21IKgJh13pLR,1093240,4
0.367,0.621,9,-11.768,1,0.055,0.95,0.686,0.307,0.155,103.094,audio_features,2OjMEmzynpNuNAMG79N1Ts,spotify:track:2OjMEmzynpNuNAMG79N1Ts,https://api.spotify.com/v1/tracks/2OjMEmzynpNuNAMG79N1Ts,https://api.spotify.com/v1/audio-analysis/2OjMEmzynpNuNAMG79N1Ts,1158173,4
0.0921,0.122,4,-22.917,1,0.045,0.954,0.867,0.145,0.0333,79.962,audio_features,309z3cOyeJ9SWZsTZu19vD,spotify:track:309z3cOyeJ9SWZsTZu19vD,https://api.spotify.com/v1/tracks/309z3cOyeJ9SWZsTZu19vD,https://api.spotify.com/v1/audio-analysis/309z3cOyeJ9SWZsTZu19vD,1103093,4
0.216,0.581,6,-15.837,1,0.18,0.665,0.922,0.532,0.0384,96.262,audio_features,25huOuXaV3WZ0oRnylEwuS,spotify:track:25huOuXaV3WZ0oRnylEwuS,https://api.spotify.com/v1/tracks/25huOuXaV3WZ0oRnylEwuS,https://api.spotify.com/v1/audio-analysis/25huOuXaV3WZ0oRnylEwuS,1433550,3
0.187,0.0102,9,-37.441,0,0.0444,0.898,0.863,0.0796,0.0327,95.547,audio_features,7almtV6686k9AcE2FFOYip,spotify:track:7almtV6686k9AcE2FFOYip,https://api.spotify.com/v1/tracks/7almtV6686k9AcE2FFOYip,https://api.spotify.com/v1/audio-analysis/7almtV6686k9AcE2FFOYip,1048194,4
0.0,2.02e-05,0,-20.016,1,0.0,0.94,0.611,0.118,0.0,0.0,audio_features,55CEZ6ZLFR2XCAIihy7wc8,spotify:track:55CEZ6ZLFR2XCAIihy7wc8,https://api.spotify.com/v1/tracks/55CEZ6ZLFR2XCAIihy7wc8,https://api.spotify.com/v1/audio-analysis/55CEZ6ZLFR2XCAIihy7wc8,948639,0
0.151,0.000262,11,-41.311,1,0.068,0.172,0.941,0.278,0.0305,107.616,audio_features,6pEWYqw2IKbz9ciU19ErqA,spotify:track:6pEWYqw2IKbz9ciU19ErqA,https://api.spotify.com/v1/tracks/6pEWYqw2IKbz9ciU19ErqA,https://api.spotify.com/v1/audio-analysis/6pEWYqw2IKbz9ciU19ErqA,895000,4
0.247,0.247,1,-16.789,1,0.0441,0.905,0.93,0.111,0.0283,136.493,audio_features,4R9Dt518ZxOCShMwVnCBIB,spotify:track:4R9Dt518ZxOCShMwVnCBIB,https://api.spotify.com/v1/tracks/4R9Dt518ZxOCShMwVnCBIB,https://api.spotify.com/v1/audio-analysis/4R9Dt518ZxOCShMwVnCBIB,1081653,4
0.288,0.313,11,-26.604,0,0.173,0.52,0.864,0.13,0.0526,141.848,audio_features,24AJYq6020oRHs0SQ7S6rE,spotify:track:24AJYq6020oRHs0SQ7S6rE,https://api.spotify.com/v1/tracks/24AJYq6020oRHs0SQ7S6rE,https://api.spotify.com/v1/audio-analysis/24AJYq6020oRHs0SQ7S6rE,1071192,4
0.254,0.00494,2,-40.579,1,0.0495,0.99,0.921,0.11,0.0607,148.83,audio_features,4T9asf08sPU9aAMiPe3wWh,spotify:track:4T9asf08sPU9aAMiPe3wWh,https://api.spotify.com/v1/tracks/4T9asf08sPU9aAMiPe3wWh,https://api.spotify.com/v1/audio-analysis/4T9asf08sPU9aAMiPe3wWh,1496653,4
0.333,0.0193,9,-33.591,1,0.0397,0.986,0.898,0.0878,0.0628,139.228,audio_features,4yamOTc0Hq9oOzPQ9wTFuk,spotify:track:4yamOTc0Hq9oOzPQ9wTFuk,https://api.spotify.com/v1/tracks/4yamOTc0Hq9oOzPQ9wTFuk,https://api.spotify.com/v1/audio-analysis/4yamOTc0Hq9oOzPQ9wTFuk,1391467,4
0.38,0.125,3,-25.247,1,0.0547,0.937,0.806,0.265,0.0386,106.428,audio_features,1oHsdvHWOYUz06YLNDWyzp,spotify:track:1oHsdvHWOYUz06YLNDWyzp,https://api.spotify.com/v1/tracks/1oHsdvHWOYUz06YLNDWyzp,https://api.spotify.com/v1/audio-analysis/1oHsdvHWOYUz06YLNDWyzp,1278587,4
0.0652,0.135,4,-22.309,1,0.0379,0.91,0.937,0.343,0.0363,74.495,audio_features,70wiCLAuAs2yjRQHkPuMN7,spotify:track:70wiCLAuAs2yjRQHkPuMN7,https://api.spotify.com/v1/tracks/70wiCLAuAs2yjRQHkPuMN7,https://api.spotify.com/v1/audio-analysis/70wiCLAuAs2yjRQHkPuMN7,1060093,4
0.358,0.869,10,-25.449,0,0.429,0.413,0.124,0.344,0.0217,131.034,audio_features,7izS0JQS120iUimVnC6nzA,spotify:track:7izS0JQS120iUimVnC6nzA,https://api.spotify.com/v1/tracks/7izS0JQS120iUimVnC6nzA,https://api.spotify.com/v1/audio-analysis/7izS0JQS120iUimVnC6nzA,1051000,4
0.459,0.612,1,-14.949,1,0.567,0.0143,0.144,0.0965,0.0666,114.38,audio_features,141Bhu4gaRwKk8JWUOBVBP,spotify:track:141Bhu4gaRwKk8JWUOBVBP,https://api.spotify.com/v1/tracks/141Bhu4gaRwKk8JWUOBVBP,https://api.spotify.com/v1/audio-analysis/141Bhu4gaRwKk8JWUOBVBP,1039547,4
0.249,0.372,8,-10.958,1,0.0324,0.948,0.804,0.147,0.0448,111.543,audio_features,5AV0WvpgjbVfBddrcxnlXd,spotify:track:5AV0WvpgjbVfBddrcxnlXd,https://api.spotify.com/v1/tracks/5AV0WvpgjbVfBddrcxnlXd,https://api.spotify.com/v1/audio-analysis/5AV0WvpgjbVfBddrcxnlXd,979670,3
0.502,0.455,1,-13.478,1,0.0319,0.532,0.887,0.0617,0.0481,126.991,audio_features,1a1yDt54OpU4uvEcdIACac,spotify:track:1a1yDt54OpU4uvEcdIACac,https://api.spotify.com/v1/tracks/1a1yDt54OpU4uvEcdIACac,https://api.spotify.com/v1/audio-analysis/1a1yDt54OpU4uvEcdIACac,672227,4
0.478,0.323,7,-15.573,1,0.0303,0.959,0.881,0.062,0.0399,133.941,audio_features,3sZOJOtdUUp4XEhS8jyMEB,spotify:track:3sZOJOtdUUp4XEhS8jyMEB,https://api.spotify.com/v1/tracks/3sZOJOtdUUp4XEhS8jyMEB,https://api.spotify.com/v1/audio-analysis/3sZOJOtdUUp4XEhS8jyMEB,919267,4
0.387,0.0759,8,-24.074,1,0.323,0.552,0.342,0.307,0.0383,73.654,audio_features,0MuCPSolhO7K4RNngQ4KQP,spotify:track:0MuCPSolhO7K4RNngQ4KQP,https://api.spotify.com/v1/tracks/0MuCPSolhO7K4RNngQ4KQP,https://api.spotify.com/v1/audio-analysis/0MuCPSolhO7K4RNngQ4KQP,895733,3
0.292,0.568,5,-18.75,1,0.0718,0.144,0.63,0.177,0.218,119.817,audio_features,4gvPbKEQyTZBoX2k7P1MFZ,spotify:track:4gvPbKEQyTZBoX2k7P1MFZ,https://api.spotify.com/v1/tracks/4gvPbKEQyTZBoX2k7P1MFZ,https://api.spotify.com/v1/audio-analysis/4gvPbKEQyTZBoX2k7P1MFZ,854933,3
0.157,0.218,0,-22.397,1,0.045,0.604,0.869,0.0844,0.033,138.971,audio_features,69iB7ZESXVHnh366lLUGhL,spotify:track:69iB7ZESXVHnh366lLUGhL,https://api.spotify.com/v1/tracks/69iB7ZESXVHnh366lLUGhL,https://api.spotify.com/v1/audio-analysis/69iB7ZESXVHnh366lLUGhL,826936,4
0.149,0.0206,8,-35.722,0,0.038,0.951,0.903,0.0857,0.0331,137.58,audio_features,4HNdggsFnUHK0GZlTbMqLw,spotify:track:4HNdggsFnUHK0GZlTbMqLw,https://api.spotify.com/v1/tracks/4HNdggsFnUHK0GZlTbMqLw,https://api.spotify.com/v1/audio-analysis/4HNdggsFnUHK0GZlTbMqLw,810347,3
0.11,0.441,1,-22.077,1,0.219,0.737,0.772,0.0809,0.0293,72.762,audio_features,5sA8u6ktVldrgmgnikx4zj,spotify:track:5sA8u6ktVldrgmgnikx4zj,https://api.spotify.com/v1/tracks/5sA8u6ktVldrgmgnikx4zj,https://api.spotify.com/v1/audio-analysis/5sA8u6ktVldrgmgnikx4zj,803027,4
0.164,0.457,0,-18.222,1,0.271,0.215,0.347,0.0992,0.0321,73.386,audio_features,6phMu2LfjPKujoeXdUhjTG,spotify:track:6phMu2LfjPKujoeXdUhjTG,https://api.spotify.com/v1/tracks/6phMu2LfjPKujoeXdUhjTG,https://api.spotify.com/v1/audio-analysis/6phMu2LfjPKujoeXdUhjTG,798200,3
0.469,0.333,9,-22.567,0,0.0439,0.993,0.000733,0.0933,0.205,101.17,audio_features,1tVAblkpwlHpALeyy0RpzU,spotify:track:1tVAblkpwlHpALeyy0RpzU,https://api.spotify.com/v1/tracks/1tVAblkpwlHpALeyy0RpzU,https://api.spotify.com/v1/audio-analysis/1tVAblkpwlHpALeyy0RpzU,778773,4
0.216,0.166,0,-25.913,1,0.0498,0.639,0.815,0.139,0.0284,82.816,audio_features,5nU9CDhZosqQUcQGGuHtfm,spotify:track:5nU9CDhZosqQUcQGGuHtfm,https://api.spotify.com/v1/tracks/5nU9CDhZosqQUcQGGuHtfm,https://api.spotify.com/v1/audio-analysis/5nU9CDhZosqQUcQGGuHtfm,706877,4
0.244,0.38,9,-17.544,0,0.045,0.796,0.894,0.104,0.0652,132.533,audio_features,5wL0hCZliz4NsDMZxoF8Ye,spotify:track:5wL0hCZliz4NsDMZxoF8Ye,https://api.spotify.com/v1/tracks/5wL0hCZliz4NsDMZxoF8Ye,https://api.spotify.com/v1/audio-analysis/5wL0hCZliz4NsDMZxoF8Ye,652773,4
0.59,0.835,4,-10.059,0,0.048,0.0005,0.0925,0.112,0.311,118.018,audio_features,5GYuOUZ8XIFYgQRfiyNSz7,spotify:track:5GYuOUZ8XIFYgQRfiyNSz7,https://api.spotify.com/v1/tracks/5GYuOUZ8XIFYgQRfiyNSz7,https://api.spotify.com/v1/audio-analysis/5GYuOUZ8XIFYgQRfiyNSz7,617279,3
0.167,0.415,4,-12.841,0,0.0409,0.773,0.712,0.27,0.0372,155.826,audio_features,6jAgEFRzUTkZaJa3PEDxeP,spotify:track:6jAgEFRzUTkZaJa3PEDxeP,https://api.spotify.com/v1/tracks/6jAgEFRzUTkZaJa3PEDxeP,https://api.spotify.com/v1/audio-analysis/6jAgEFRzUTkZaJa3PEDxeP,936000,4
0.479,0.344,1,-14.781,1,0.657,0.987,0.00155,0.263,0.297,89.671,audio_features,4XfjqzFtBEWSjiqtZcEajp,spotify:track:4XfjqzFtBEWSjiqtZcEajp,https://api.spotify.com/v1/tracks/4XfjqzFtBEWSjiqtZcEajp,https://api.spotify.com/v1/audio-analysis/4XfjqzFtBEWSjiqtZcEajp,825547,4
0.357,0.421,5,-17.358,1,0.0444,0.911,0.801,0.116,0.389,117.883,audio_features,6vcGfhUigAp0sXzBUeLfNM,spotify:track:6vcGfhUigAp0sXzBUeLfNM,https://api.spotify.com/v1/tracks/6vcGfhUigAp0sXzBUeLfNM,https://api.spotify.com/v1/audio-analysis/6vcGfhUigAp0sXzBUeLfNM,1101240,4
0.547,0.313,10,-21.334,0,0.0384,0.349,0.893,0.344,0.038,104.965,audio_features,3qBqzalYBIrIIrcuD9WfxJ,spotify:track:3qBqzalYBIrIIrcuD9WfxJ,https://api.spotify.com/v1/tracks/3qBqzalYBIrIIrcuD9WfxJ,https://api.spotify.com/v1/audio-analysis/3qBqzalYBIrIIrcuD9WfxJ,810454,4
0.111,0.00236,9,-19.28,0,0.0807,0.759,0.925,0.109,0.0193,65.391,audio_features,5fOr0VJwhHuOFyh6FCZVyO,spotify:track:5fOr0VJwhHuOFyh6FCZVyO,https://api.spotify.com/v1/tracks/5fOr0VJwhHuOFyh6FCZVyO,https://api.spotify.com/v1/audio-analysis/5fOr0VJwhHuOFyh6FCZVyO,796000,4
0.158,0.12,2,-25.555,0,0.0351,0.958,0.914,0.119,0.0517,133.675,audio_features,0mpoJatIQQiyxaAvAS6H9e,spotify:track:0mpoJatIQQiyxaAvAS6H9e,https://api.spotify.com/v1/tracks/0mpoJatIQQiyxaAvAS6H9e,https://api.spotify.com/v1/audio-analysis/0mpoJatIQQiyxaAvAS6H9e,674043,4
0.27,0.287,10,-23.201,0,0.11,0.882,0.892,0.0548,0.0387,112.285,audio_features,1hJPVpVJMJQvhpgo9EksBb,spotify:track:1hJPVpVJMJQvhpgo9EksBb,https://api.spotify.com/v1/tracks/1hJPVpVJMJQvhpgo9EksBb,https://api.spotify.com/v1/audio-analysis/1hJPVpVJMJQvhpgo9EksBb,602781,4
0.0977,0.285,11,-20.291,1,0.0511,0.626,0.928,0.349,0.0297,176.043,audio_features,106ijoJLCBU8fhosegfx1x,spotify:track:106ijoJLCBU8fhosegfx1x,https://api.spotify.com/v1/tracks/106ijoJLCBU8fhosegfx1x,https://api.spotify.com/v1/audio-analysis/106ijoJLCBU8fhosegfx1x,755133,3
0.646,0.223,1,-19.401,1,0.0317,0.717,0.905,0.0952,0.0374,101.001,audio_features,40AmJBFROM0Jog7QgdFAYu,spotify:track:40AmJBFROM0Jog7QgdFAYu,https://api.spotify.com/v1/tracks/40AmJBFROM0Jog7QgdFAYu,https://api.spotify.com/v1/audio-analysis/40AmJBFROM0Jog7QgdFAYu,707707,4
0.178,0.0778,8,-26.259,1,0.0362,0.425,0.91,0.0919,0.0317,102.762,audio_features,5ytw4fxmZLNVeA1AnM6kOF,spotify:track:5ytw4fxmZLNVeA1AnM6kOF,https://api.spotify.com/v1/tracks/5ytw4fxmZLNVeA1AnM6kOF,https://api.spotify.com/v1/audio-analysis/5ytw4fxmZLNVeA1AnM6kOF,736425,4
0.0624,0.103,7,-24.897,0,0.0443,0.94,0.924,0.121,0.0329,66.851,audio_features,1ZAUFjVplDJdA1BCU98z0U,spotify:track:1ZAUFjVplDJdA1BCU98z0U,https://api.spotify.com/v1/tracks/1ZAUFjVplDJdA1BCU98z0U,https://api.spotify.com/v1/audio-analysis/1ZAUFjVplDJdA1BCU98z0U,1491862,4
0.0714,0.226,9,-27.661,0,0.046,0.84,0.84,0.397,0.224,77.925,audio_features,62mKDHeATrRSK3phLKQR09,spotify:track:62mKDHeATrRSK3phLKQR09,https://api.spotify.com/v1/tracks/62mKDHeATrRSK3phLKQR09,https://api.spotify.com/v1/audio-analysis/62mKDHeATrRSK3phLKQR09,1864002,3
0.25,0.259,3,-17.587,1,0.0354,0.901,0.219,0.298,0.175,59.713,audio_features,4YUGDSUgPapHEtsBry5aWI,spotify:track:4YUGDSUgPapHEtsBry5aWI,https://api.spotify.com/v1/tracks/4YUGDSUgPapHEtsBry5aWI,https://api.spotify.com/v1/audio-analysis/4YUGDSUgPapHEtsBry5aWI,716173,4
0.116,0.0476,4,-27.932,0,0.0334,0.989,0.976,0.0658,0.0374,72.324,audio_features,7FLUoFW2TyxhXsJAVsCicQ,spotify:track:7FLUoFW2TyxhXsJAVsCicQ,https://api.spotify.com/v1/tracks/7FLUoFW2TyxhXsJAVsCicQ,https://api.spotify.com/v1/audio-analysis/7FLUoFW2TyxhXsJAVsCicQ,775000,3
